destinations/new_york/new_york.destination_global_tag_bag.tft,domain\kingdom\phylum\class\asset_a\asset_a.pattern.tft
destinations/new_york/new_york.destination_global_tag_bag.tft,domain\kingdom\phylum\class\asset_b\asset_b.pattern.tft
destinations/new_york/new_york.destination_global_tag_bag.tft,domain\kingdom\phylum\class\asset_c\asset_c.pattern.tft
destinations/new_york/new_york.destination_global_tag_bag.tft,domain\kingdom\phylum\class\asset_d\asset_d.pattern.tft
destinations/new_york/new_york.destination_global_tag_bag.tft,domain\kingdom\phylum\class\asset_e\asset_e.pattern.tft
destinations/new_york/new_york.destination_global_tag_bag.tft,domain\kingdom\phylum\class\asset_f\asset_f.pattern.tft
destinations/new_york/new_york.destination_global_tag_bag.tft,domain\kingdom\phylum\class\asset_g\asset_g.pattern.tft
destinations/new_york/new_york.destination_global_tag_bag.tft,domain\kingdom\phylum\class\asset_h\asset_h.pattern.tft
destinations/new_york/new_york.destination_global_tag_bag.tft,domain\kingdom\phylum\class\asset_i\asset_i.pattern.tft
destinations/new_york/new_york.destination_global_tag_bag.tft,domain\kingdom\phylum\class\asset_j\asset_j.pattern.tft
destinations/paris/paris.destination_global_tag_bag.tft,domain\kingdom\phylum\class\asset_a\asset_a.pattern.tft
destinations/paris/paris.destination_global_tag_bag.tft,domain\kingdom\phylum\class\asset_b\asset_b.pattern.tft
destinations/paris/paris.destination_global_tag_bag.tft,domain\kingdom\phylum\class\asset_c\asset_c.pattern.tft
destinations/paris/paris.destination_global_tag_bag.tft,domain\kingdom\phylum\class\asset_d\asset_d.pattern.tft
destinations/paris/paris.destination_global_tag_bag.tft,domain\kingdom\phylum\class\asset_e\asset_e.pattern.tft
destinations/paris/paris.destination_global_tag_bag.tft,domain\kingdom\phylum\class\asset_f\asset_f.pattern.tft
destinations/paris/paris.destination_global_tag_bag.tft,domain\kingdom\phylum\class\asset_g\asset_g.pattern.tft
destinations/paris/paris.destination_global_tag_bag.tft,domain\kingdom\phylum\class\asset_h\asset_h.pattern.tft
destinations/paris/paris.destination_global_tag_bag.tft,domain\kingdom\phylum\class\asset_i\asset_i.pattern.tft
destinations/paris/paris.destination_global_tag_bag.tft,domain\kingdom\phylum\class\asset_j\asset_j.pattern.tft
